product,avg_day_change,risk_adjusted_weight,target_at_240
PEBBLES_L,-297.0,0.12356949282705762,30
PEBBLES_M,229.83333333333334,0.714612535137737,172
PEBBLES_S,-651.3333333333334,-0.279548714080072,-67
PEBBLES_XL,2045.3333333333333,0.4413666861152774,106
PEBBLES_XS,-1326.1666666666667,-1.0,-240
